--TELEVOTI(CodP, CodT, CodD, CodO, ModalitaVoto, NumeroVoti, SommaVoti, Incasso)
--PARTECIPANTE(CodP, Partecipante, CodC)
--TELESPETTATORI(CodT, FasciaEta, Sesso, Categoria, CodC)
--CITTA(CodC, Citta, Provincia, Regione)
--DATA(CodD, Data, GiornoSettimana, Anno, Conduttore)
--ORARIO(CodO, Orario, OraGiorno)

INSERT INTO TELEVOTI(CodP, CodT, CodD, CodO, ModalitaVoto, NumeroVoti, SommaVoti, Incasso) VALUES('1','1','1','1','Instagram','2','12','48');
INSERT INTO TELEVOTI(CodP, CodT, CodD, CodO, ModalitaVoto, NumeroVoti, SommaVoti, Incasso) VALUES('1','1','1','2','Instagram','8','4','24');
INSERT INTO TELEVOTI(CodP, CodT, CodD, CodO, ModalitaVoto, NumeroVoti, SommaVoti, Incasso) VALUES('1','1','2','1','Instagram','5','15','12');
INSERT INTO TELEVOTI(CodP, CodT, CodD, CodO, ModalitaVoto, NumeroVoti, SommaVoti, Incasso) VALUES('1','1','2','2','Instagram','4','7','42');
INSERT INTO TELEVOTI(CodP, CodT, CodD, CodO, ModalitaVoto, NumeroVoti, SommaVoti, Incasso) VALUES('1','1','3','1','Instagram','7','3','28');
INSERT INTO TELEVOTI(CodP, CodT, CodD, CodO, ModalitaVoto, NumeroVoti, SommaVoti, Incasso) VALUES('1','1','3','2','Instagram','4','16','25');
INSERT INTO TELEVOTI(CodP, CodT, CodD, CodO, ModalitaVoto, NumeroVoti, SommaVoti, Incasso) VALUES('1','1','4','1','Instagram','8','3','38');
INSERT INTO TELEVOTI(CodP, CodT, CodD, CodO, ModalitaVoto, NumeroVoti, SommaVoti, Incasso) VALUES('1','1','4','2','Instagram','1','20','35');
INSERT INTO TELEVOTI(CodP, CodT, CodD, CodO, ModalitaVoto, NumeroVoti, SommaVoti, Incasso) VALUES('1','2','1','1','Instagram','8','7','50');
INSERT INTO TELEVOTI(CodP, CodT, CodD, CodO, ModalitaVoto, NumeroVoti, SommaVoti, Incasso) VALUES('1','2','1','2','Instagram','6','10','27');
INSERT INTO TELEVOTI(CodP, CodT, CodD, CodO, ModalitaVoto, NumeroVoti, SommaVoti, Incasso) VALUES('1','2','2','1','Instagram','8','10','30');
INSERT INTO TELEVOTI(CodP, CodT, CodD, CodO, ModalitaVoto, NumeroVoti, SommaVoti, Incasso) VALUES('1','2','2','2','Instagram','4','12','41');
INSERT INTO TELEVOTI(CodP, CodT, CodD, CodO, ModalitaVoto, NumeroVoti, SommaVoti, Incasso) VALUES('1','2','3','1','Instagram','3','5','1');
INSERT INTO TELEVOTI(CodP, CodT, CodD, CodO, ModalitaVoto, NumeroVoti, SommaVoti, Incasso) VALUES('1','2','3','2','Instagram','6','14','29');
INSERT INTO TELEVOTI(CodP, CodT, CodD, CodO, ModalitaVoto, NumeroVoti, SommaVoti, Incasso) VALUES('1','2','4','1','Instagram','6','2','5');
INSERT INTO TELEVOTI(CodP, CodT, CodD, CodO, ModalitaVoto, NumeroVoti, SommaVoti, Incasso) VALUES('1','2','4','2','Instagram','8','7','47');
INSERT INTO TELEVOTI(CodP, CodT, CodD, CodO, ModalitaVoto, NumeroVoti, SommaVoti, Incasso) VALUES('2','1','1','1','Instagram','9','20','18');
INSERT INTO TELEVOTI(CodP, CodT, CodD, CodO, ModalitaVoto, NumeroVoti, SommaVoti, Incasso) VALUES('2','1','1','2','Instagram','9','15','3');
INSERT INTO TELEVOTI(CodP, CodT, CodD, CodO, ModalitaVoto, NumeroVoti, SommaVoti, Incasso) VALUES('2','1','2','1','Instagram','2','10','24');
INSERT INTO TELEVOTI(CodP, CodT, CodD, CodO, ModalitaVoto, NumeroVoti, SommaVoti, Incasso) VALUES('2','1','2','2','Instagram','8','2','47');
INSERT INTO TELEVOTI(CodP, CodT, CodD, CodO, ModalitaVoto, NumeroVoti, SommaVoti, Incasso) VALUES('2','1','3','1','Instagram','9','18','33');
INSERT INTO TELEVOTI(CodP, CodT, CodD, CodO, ModalitaVoto, NumeroVoti, SommaVoti, Incasso) VALUES('2','1','3','2','Instagram','5','4','33');
INSERT INTO TELEVOTI(CodP, CodT, CodD, CodO, ModalitaVoto, NumeroVoti, SommaVoti, Incasso) VALUES('2','1','4','1','Instagram','1','18','14');
INSERT INTO TELEVOTI(CodP, CodT, CodD, CodO, ModalitaVoto, NumeroVoti, SommaVoti, Incasso) VALUES('2','1','4','2','Instagram','6','15','21');
INSERT INTO TELEVOTI(CodP, CodT, CodD, CodO, ModalitaVoto, NumeroVoti, SommaVoti, Incasso) VALUES('2','2','1','1','Instagram','6','14','46');
INSERT INTO TELEVOTI(CodP, CodT, CodD, CodO, ModalitaVoto, NumeroVoti, SommaVoti, Incasso) VALUES('2','2','1','2','Instagram','8','10','12');
INSERT INTO TELEVOTI(CodP, CodT, CodD, CodO, ModalitaVoto, NumeroVoti, SommaVoti, Incasso) VALUES('2','2','2','1','Instagram','9','4','24');
INSERT INTO TELEVOTI(CodP, CodT, CodD, CodO, ModalitaVoto, NumeroVoti, SommaVoti, Incasso) VALUES('2','2','2','2','Instagram','6','2','45');
INSERT INTO TELEVOTI(CodP, CodT, CodD, CodO, ModalitaVoto, NumeroVoti, SommaVoti, Incasso) VALUES('2','2','3','1','Instagram','6','4','36');
INSERT INTO TELEVOTI(CodP, CodT, CodD, CodO, ModalitaVoto, NumeroVoti, SommaVoti, Incasso) VALUES('2','2','3','2','Instagram','4','16','16');
INSERT INTO TELEVOTI(CodP, CodT, CodD, CodO, ModalitaVoto, NumeroVoti, SommaVoti, Incasso) VALUES('2','2','4','1','Instagram','4','17','33');
INSERT INTO TELEVOTI(CodP, CodT, CodD, CodO, ModalitaVoto, NumeroVoti, SommaVoti, Incasso) VALUES('2','2','4','2','Instagram','4','6','48');

INSERT INTO PARTECIPANTE(CodP, Partecipante, CodC) VALUES('1','AAA','1');
INSERT INTO PARTECIPANTE(CodP, Partecipante, CodC) VALUES('2','BBB','2');

INSERT INTO TELESPETTATORI(CodT, FasciaEta, Sesso, Categoria, CodC) VALUES('1','xxx','xxx','xxx','1');
INSERT INTO TELESPETTATORI(CodT, FasciaEta, Sesso, Categoria, CodC) VALUES('2','xxx','xxx','xxx','2');

INSERT INTO CITTA(CodC, Citta, Provincia, Regione) VALUES('1','Torino','xxx', 'xxx');
INSERT INTO CITTA(CodC, Citta, Provincia, Regione) VALUES('2','Milano','xxx', 'xxx');

INSERT INTO DATA(CodD, Data, GiornoSettimana, Anno, Conduttore) VALUES('1','2009-02-01','xxx', '2009', 'xxx');
INSERT INTO DATA(CodD, Data, GiornoSettimana, Anno, Conduttore) VALUES('2','2009-02-02','xxx', '2009', 'xxx');
INSERT INTO DATA(CodD, Data, GiornoSettimana, Anno, Conduttore) VALUES('3','2010-02-11','xxx', '2010', 'xxx');
INSERT INTO DATA(CodD, Data, GiornoSettimana, Anno, Conduttore) VALUES('4','2010-02-12','xxx', '2010', 'xxx');

INSERT INTO ORARIO(CodO, Orario, OraGiorno) VALUES('1','21:00','21');
INSERT INTO ORARIO(CodO, Orario, OraGiorno) VALUES('2','22:00','22');
